<?xml version="1.0" encoding="utf-8"?>

<vida-terrestre>
    <Inicio>
        <animais-em-extincao>
            <Arara-Canide>
                <legenda>
                    A Arara-canindé é uma espécie de arara que se encontra em diferentes níveis de
                    ameaça dependendo da região. Por exemplo, no Paraná ela é classificada como
                    estando “em perigo” devido ao desmatamento e ao tráfico de animais.
                </legenda>
            </Arara-Canide>

            <Panda-vermelho>
                <legenda>
                    O panda vermelho está classificado como “em perigo”, com uma tendência de
                    decréscimo da população. As ameaças sofridas por esses animais incluem
                    desmatamento, captura ocasional em armadilhas para outros animais e tráfico de
                    animais.
                </legenda>
            </Panda-vermelho>

            <Puffin>
                <legenda>
                    O PUFFIN, também conhecido como papagaio-do-mar ou fradinho, está em perigo de
                    extinção desde 2005 devido às mudanças climáticas, poluição e caça predatória.
                    Essas aves, que vivem no Atlântico Norte, principalmente na Islândia, têm cerca
                    de 30 centímetros e 400 gramas.
                </legenda>
            </Puffin>

            <lobo-guara>
                <legenda>
                    O lobo-guará é considerado vulnerável, com a população reduzida em um terço nas
                    últimas duas décadas devido à expansão do agronegócio e conflitos com produtores
                    rurais.
                </legenda>
            </lobo-guara>

            <tubarao-baleia>
                <legenda>
                    O tubarão-baleia está em perigo, com a população reduzida pela metade nos
                    últimos 75 anos devido à caça ilegal e colisões com navios.
                </legenda>
            </tubarao-baleia>

            <baleia-azul>
                <legenda>
                    A baleia-azul está em perigo devido à caça comercial nos séculos 18 e 19, com a
                    população reduzida em 97% na virada do século XIX para o século XX.
                </legenda>
            </baleia-azul>

        </animais-em-extincao>
    </Inicio>

    <Sobre>
        <ObjetivoDesenvolvimentoSustentavel>
            <Numero>15</Numero>
            <Nome>Vida terrestre</Nome>
            <Descricao>
                Proteger, restaurar e promover o uso sustentável dos ecossistemas terrestres, gerir
                de forma sustentável as florestas, combater a desertificação, travar e reverter a degradação
                dos solos e travar a perda da biodiversidade
            </Descricao>
        
            <Subobjetivos>
                <Subobjetivo>
                    <Numero>15.1</Numero>
                    <Descricao>
                        Até 2020, assegurar a conservação, recuperação e uso sustentável de
                        ecossistemas terrestres e de água doce interiores e seus serviços, em especial
                        florestas, zonas úmidas, montanhas e terras áridas, em conformidade com as
                        obrigações decorrentes dos acordos internacionais
                    </Descricao>
                </Subobjetivo>
        
                <Subobjetivo>
                    <Numero>15.2</Numero>
                    <Descricao>
                        Até 2020, promover a implementação da gestão sustentável de todos os tipos de
                        florestas, deter o desmatamento, restaurar florestas degradadas e aumentar
                        substancialmente o florestamento e o reflorestamento globalmente
                    </Descricao>
                </Subobjetivo>
        
                <Subobjetivo>
                    <Numero>15.3</Numero>
                    <Descricao>
                        Até 2030, combater a desertificação, restaurar a terra e o solo degradado,
                        incluindo terrenos afetados pela desertificação, secas e inundações, e lutar para
                        alcançar um mundo neutro em termos de degradação do solo
                    </Descricao>
                </Subobjetivo>
        
                <Subobjetivo>
                    <Numero>15.4</Numero>
                    <Descricao>
                        Até 2030, assegurar a conservação dos ecossistemas de montanha, incluindo a
                        sua biodiversidade, para melhorar a sua capacidade de proporcionar benefícios que
                        são essenciais para o desenvolvimento sustentável
                    </Descricao>
                </Subobjetivo>
        
                <Subobjetivo>
                    <Numero>15.5</Numero>
                    <Descricao>
                        Tomar medidas urgentes e significativas para reduzir a degradação de habitat
                        naturais, deter a perda de biodiversidade e, até 2020, proteger e evitar a extinção
                        de espécies ameaçadas
                    </Descricao>
                </Subobjetivo>
        
                <Subobjetivo>
                    <Numero>15.6</Numero>
                    <Descricao>
                        Garantir uma repartição justa e equitativa dos benefícios derivados da
                        utilização dos recursos genéticos e promover o acesso adequado aos recursos
                        genéticos
                    </Descricao>
                </Subobjetivo>
        
                <Subobjetivo>
                    <Numero>15.7</Numero>
                    <Descricao>
                        Tomar medidas urgentes para acabar com a caça ilegal e o tráfico de espécies
                        da flora e fauna protegidas e abordar tanto a demanda quanto a oferta de produtos
                        ilegais da vida selvagem
                    </Descricao>
                </Subobjetivo>
        
                <Subobjetivo>
                    <Numero>15.8</Numero>
                    <Descricao>
                        Até 2020, implementar medidas para evitar a introdução e reduzir
                        significativamente o impacto de espécies exóticas invasoras em ecossistemas
                        terrestres e aquáticos, e controlar ou erradicar as espécies prioritárias
                    </Descricao>
                </Subobjetivo>
        
                <Subobjetivo>
                    <Numero>15.9</Numero>
                    <Descricao>
                        Até 2020, integrar os valores dos ecossistemas e da biodiversidade ao
                        planejamento nacional e local, nos processos de desenvolvimento, nas estratégias de
                        redução da pobreza e nos sistemas de contas
                    </Descricao>
                </Subobjetivo>
        
                <Subobjetivo>
                    <Numero>15.a</Numero>
                    <Descricao>
                        Mobilizar e aumentar significativamente, a partir de todas as fontes, os
                        recursos financeiros para a conservação e o uso sustentável da biodiversidade e dos
                        ecossistemas
                    </Descricao>
                </Subobjetivo>
        
                <Subobjetivo>
                    <Numero>15.b</Numero>
                    <Descricao>
                        Mobilizar recursos significativos de todas as fontes e em todos os níveis
                        para financiar o manejo florestal sustentável e proporcionar incentivos adequados
                        aos países em desenvolvimento para promover o manejo florestal sustentável,
                        inclusive para a conservação e o reflorestamento
                    </Descricao>
                </Subobjetivo>
        
                <Subobjetivo>
                    <Numero>15.c</Numero>
                    <Descricao>
                        Reforçar o apoio global para os esforços de combate à caça ilegal e ao
                        tráfico de espécies protegidas, inclusive por meio do aumento da capacidade das
                        comunidades locais para buscar oportunidades de subsistência sustentável
                    </Descricao>
                </Subobjetivo>
            </Subobjetivos>
        </ObjetivoDesenvolvimentoSustentavel>
    </Sobre>

</vida-terrestre>